{
  "project_info": {
    "project_number": "919398316951",
    "firebase_url": "https://motazen-f2cc8-default-rtdb.europe-west1.firebasedatabase.app",
    "project_id": "motazen-f2cc8",
    "storage_bucket": "motazen-f2cc8.appspot.com"
  },
  "client": [
    {
      "client_info": {
        "mobilesdk_app_id": "1:919398316951:android:28168e9f0b29f55a1962d2",
        "android_client_info": {
          "package_name": "com.example.motazen"
        }
      },
      "oauth_client": [
        {
          "client_id": "919398316951-03mcfs3c0rfkahfb80en2kt8ejmjbe75.apps.googleusercontent.com",
          "client_type": 3
        }
      ],
      "api_key": [
        {
          "current_key": "AIzaSyBgjbr63P_ObC7uEt_-2tMmlMTR_TIPnMw"
        }
      ],
      "services": {
        "appinvite_service": {
          "other_platform_oauth_client": [
            {
              "client_id": "919398316951-03mcfs3c0rfkahfb80en2kt8ejmjbe75.apps.googleusercontent.com",
              "client_type": 3
            },
            {
              "client_id": "919398316951-1h0dtrdulfgqullo9qqh36pd7mm0u5pd.apps.googleusercontent.com",
              "client_type": 2,
              "ios_info": {
                "bundle_id": "com.example.motazen"
              }
            }
          ]
        }
      }
    },
    {
      "client_info": {
        "mobilesdk_app_id": "1:919398316951:android:70b985313aec7af61962d2",
        "android_client_info": {
          "package_name": "com.motaz.motazenapp"
        }
      },
      "oauth_client": [
        {
          "client_id": "919398316951-03mcfs3c0rfkahfb80en2kt8ejmjbe75.apps.googleusercontent.com",
          "client_type": 3
        }
      ],
      "api_key": [
        {
          "current_key": "AIzaSyBgjbr63P_ObC7uEt_-2tMmlMTR_TIPnMw"
        }
      ],
      "services": {
        "appinvite_service": {
          "other_platform_oauth_client": [
            {
              "client_id": "919398316951-03mcfs3c0rfkahfb80en2kt8ejmjbe75.apps.googleusercontent.com",
              "client_type": 3
            },
            {
              "client_id": "919398316951-1h0dtrdulfgqullo9qqh36pd7mm0u5pd.apps.googleusercontent.com",
              "client_type": 2,
              "ios_info": {
                "bundle_id": "com.example.motazen"
              }
            }
          ]
        }
      }
    }
  ],
  "configuration_version": "1"
}